
Nadia	Abbasi	Nadia	nadiaabbasi@berkeley.edu	3038578831
Safiye Esmanur	Acungil	Safiye Esmanur	esmanur_atasoy@berkeley.edu	3037594679
Adebola	Adeniyi	Debola	adebola.adeniyi@berkeley.edu	3038650071
Yerikho	Adi	Yerikho	yerikho_adi@berkeley.edu	3038651566
Alexander	Africk	Alex	aafrick@berkeley.edu	3038653061
Meredith	Albion	Meredith	meredith_albion@berkeley.edu	3038401316
Jayshawn	Anderson	Jayshawn	jayshawn.anderson@berkeley.edu	3032405689
Mahougnon Delphine	Anglo	Delphine	delphine_anglo@berkeley.edu	3038668492
Nabilla	Ariffin	Nabilla	nabilla_ariffin@berkeley.edu	3038583810
Ryan	Armanda	Ryan	ryan_armanda@berkeley.edu	3038670936
Himanshi	Arora	Himanshi	himanshi_arora@berkeley.edu	3037599658
Akansha	Ashokan	Akansha	akansha_ashokan@berkeley.edu	3038587177
Dalia	Badih	Dalia	dbadih@berkeley.edu	3038649967
William	Berry	William	alexberry@berkeley.edu	3038531004
Santiago	Betancur Henao	Santiago	santiago.betancur@berkeley.edu	3038561099
Erik	Better	Erik	erik_better@berkeley.edu	3037598436
Ananjan	Bhattacharyya	Ananjan	ananjan@berkeley.edu	3037592714
Daniel	Billostas	Daniel	danielbillostas@berkeley.edu	3032231723
Kelly	Blackwell	Kelly	kelly_blackwell@berkeley.edu	3037595108
Michael	Blumenthal	Michael	michaelblumenthal@berkeley.edu	3038561814
Sara	Callander	Sara	scallander16@berkeley.edu	23512624
Lindsay	Chan	Lindsay	lindsaychan@berkeley.edu	3038573605
Terence	Chan	Terence	terence_chan@berkeley.edu	3038550361
Sataphon	Chansangavej	Sataphon	pam.chan@berkeley.edu	3038572552
Franklin	Chase	Whitner	whitner_chase@berkeley.edu	3036495666
Bingxu	Chen	Bingxu	bchen32@berkeley.edu	3038572903
Ruihao	Chen	Ruihao	nickchen@berkeley.edu	3037594276
Shuoming	Chen	Shuoming	shuoming_chen@berkeley.edu	3038560540
Charles	Christou	Charles	charles.christou@berkeley.edu	3037589528
Anya	Clowers	Anya	anya_clowers@berkeley.edu	3038573319
Julia	Cohen	Julia	julia_cohen@berkeley.edu	3038560358
Amanda	Cornfeld	Amanda	amanda_cornfeld@berkeley.edu	3037594471
Jonathan	Cullom	Jonathan	jonathan_cullom@berkeley.edu	3037588409
Alyssa	D'Cunha	Alyssa	alyssa.dcunha@berkeley.edu	3038560839
Timothy	Daniel	Timothy	timothy.daniel@berkeley.edu	3038589829
Tarun	Davuluri	Tarun	tarun_davuluri@berkeley.edu	3037471125
Albert	Deng	Albert	albertdeng@berkeley.edu	3037594744
Jean-Michel	Depew	Jean-Michel	jean-michel.depew@berkeley.edu	3038640581
Kyle	Dickey	Kyle	kyle_dickey@berkeley.edu	3037598566
Nicholas	Do	Nicholas	donicholas@berkeley.edu	23676934
Angelina	Donhoff	Angelina	angelina_donhoff@berkeley.edu	3038573644
Patrick	Drown	Patrick	patrick_drown@berkeley.edu	3038650058
Emilio	Duron Molina	Emilio	emilio_duron@berkeley.edu	3038560865
Kelsey	Ebeling	Kelsey	kelsey_ebeling@berkeley.edu	3038551245
Mariana	Elmais	Mariana	marianaelmais@berkeley.edu	3037595017
Julianna	Ewell	Julianna	j.ewell@berkeley.edu	3038527299
Alexandra	Ferreira	Alexandra	alexandra_ferreira@berkeley.edu	3038564817
Paola	Forero Varela	Paola	paola.forero@berkeley.edu	3037594432
Yulin	Ge	Yulin	yg6nk@berkeley.edu	3036355880
James	Gleason	James	james.gleason@berkeley.edu	3038572396
Patrick	Gumusoglu	Teo	teogumusoglu@berkeley.edu	3038641920
Andrew	Haggerty	Andrew	andrew_haggerty@berkeley.edu	3037589020
Savannah	Hall	Savannah	savannah_hall@berkeley.edu	3037591622
Jeffrey	Harris	Jeffrey	jeffreyharris@berkeley.edu	3038650019
Emily	Hawkins	Emily	emily.hawkins@berkeley.edu	3037590022
Kristen	Hawley	Kristen	kristen_hawley@berkeley.edu	3038654010
Rebecca	Haynes	Rebecca	rebeccahaynes@berkeley.edu	3038554846
Zicheng	He	Zicheng	martinho@berkeley.edu	22511508
Caitlin	Hodes	Caitlin	caitlin_hodes@berkeley.edu	3038551102
Elizabeth	Hoerauf	Elizabeth	elizabeth_hoerauf@berkeley.edu	3038573332
Hillary	Hoffstein	Hillary	hillary_hoffstein@berkeley.edu	3038640724
Brian	Hum	Brian	brian_hum@berkeley.edu	3037589515
Neil	Ickes	Phil	phil.ickes@berkeley.edu	3038640490
Alexander	Im	Alexander	alex.im@berkeley.edu	3038572578
Ryuji	Iwata	Ryuji	ryuji_iwata@berkeley.edu	3038564570
James	Jackson	Mading	mading_jackson@berkeley.edu	3038588763
Carter	Jacobsen	Carter	cjacobsen@berkeley.edu	3037594965
Xavier	Jefferson	Xavier	xaviersjefferson@berkeley.edu	3038532018
Caroline	Jimenez	Caroline	caroline_jimenez@berkeley.edu	3038532109
Hyung Won	Jin	Hyung Won	ryan.jin@berkeley.edu	3038587424
Alexander	Jozefov	Alexander	alex_jozefov@berkeley.edu	3038589348
Jacob	Justice	Jake	jake_justice@berkeley.edu	3038561268
Irene	Kao	Irene	irene.kao@berkeley.edu	3037588890
Jules	Kentgens	Jules	jules_kentgens@berkeley.edu	3038353125
Brian	Khan	Brian	brian_khan@berkeley.edu	3038532174
Anna	Kim	Anna	anna.kim@berkeley.edu	3038572747
Christine	Kim	Christine	christine_hj_kim@berkeley.edu	3038640815
Harim	Kim	Harim	amarisskim@berkeley.edu	3035546188
Daniel	Klein Khafif	Daniel	d.klein.khafif@berkeley.edu	3037591999
Michael	LaFramboise	Michael	mlaframb@berkeley.edu	3037596538
Joongkul	Lee	Jk	jk_lee@berkeley.edu	20796284
Jia	Li	Jia	lisa.jia.li@berkeley.edu	3037590282
Heidi	Liedtke	Heidi	heidi.cozby@berkeley.edu	3038573397
Megumi	Machida	Meg	meg_machida@berkeley.edu	3038564700
Samuel	Magnuson	Samuel	samuel_magnuson@berkeley.edu	3038566091
Alicia	Marshall	Alicia (Lia)	lia_marshall@berkeley.edu	17361609
Kristina	Martinez	Kristina	kristina_martinez@berkeley.edu	3037591726
Michael	Mathis	Michael Mathis	mmathis@berkeley.edu	3037588617
Kelly	McGonigle	Kelly	kmcgon@berkeley.edu	3038572838
Sarah	Mich	Sara	sara_mich@berkeley.edu	3038592260
Da-Han	Mii	Da-Han	albert.mii@berkeley.edu	3038564375
Alison	Montenegro	Alison	alison_montenegro@berkeley.edu	3038532395
Jackson	Moore	Jack	jack_moore@berkeley.edu	3038554443
Anica	Nangia	Anica	anica_nangia@berkeley.edu	3034355289
Yu Yao Terence	Neo	Yu Yao Terence	terence.neo@berkeley.edu	3037594549
Adesuwa	Nosakhare	Ade	ade_nosakhare@berkeley.edu	3037589606
Nathan	Obermuller	Nathan	nathan_obermuller@berkeley.edu	3038561801
Taise	Okubara	Taise	taise.okubara@berkeley.edu	3038041060
Andrew	Packer	Andrew	andrew_packer@berkeley.edu	3037588630
Arnaud	Paquet	Arnaud	arnaud_paquet@berkeley.edu	3037589671
Tanisha	Patni	Tanisha	tanishapatni@berkeley.edu	3038532525
Yannic	Peters	Yannic	yannic_peters@berkeley.edu	3037594861
Dhananjay	Prahladka	Dhananjay	dhananjay_prahladka@berkeley.edu	3037591635
James	Pruitt	James	jack.pruitt@berkeley.edu	3037591830
William	Quinn	William	will.quinn@berkeley.edu	3038560332
Victor	Ringeard	Victor	vringeard@berkeley.edu	26837123
Colby	Sameshima	Colby	colbysameshima@berkeley.edu	3038550660
Bhavin	Sangani	Rishi	rishisangani@berkeley.edu	22825139
Bruno	Sanovicz	Bruno	brunosanovicz@berkeley.edu	3037595095
Gregory	Santoro	Greg	gregorysantoro@berkeley.edu	3038650032
Hannah	Schlacter	Hannah	hannah.schlacter@berkeley.edu	3037592090
Austin	Schoff	Austin	austin_schoff@berkeley.edu	3037594458
Courtney	Schrier	Courtney	cschrier@berkeley.edu	3037594146
Jahnavi	Shah	Jahnavi	jahnavi_shah@berkeley.edu	3037914960
Varun	Shetty	Varun	varun_shetty@berkeley.edu	3038589504
Tianyin	Shi	Tianyin	tianyin_shi@berkeley.edu	3037596967
Abhijaya	Shrestha	Abhijaya	abshrestha@berkeley.edu	3038587346
Basim	Siddiqui	Basim	basim_siddiqui@berkeley.edu	3038572513
Tanaz	Sidhu	Tanaz	tanaz_sidhu@berkeley.edu	3038649993
Ariana	Simone	Ariana	ariana_simone@berkeley.edu	3037598501
Namit	Singal	Namit	namit.singal@berkeley.edu	3038403461
Shubham	Singhal	Shubham	shubham_singhal@berkeley.edu	3037592766
Rebeca	Sousa	Rebeca	rebeca_sousa@berkeley.edu	3038576972
Julia	Sullivan	Julia	juliasullivan@berkeley.edu	3037595004
Kosuke	Takaishi	Kosuke	takaishi.kosuke@berkeley.edu	3038564713
Steven	Tan	Steven	steven_tan@berkeley.edu	3038657455
Korawat	Techaphulphol	Gear	korawat.t@berkeley.edu	3038670962
Anupama	Tej	Anupama	anupama_tej@berkeley.edu	3038560592
Ava	Van der Meer	Ava	ava.vandermeer@berkeley.edu	3037599515
Paris	Varias	Paris	vp91@berkeley.edu	3035262920
Natia	Vatsadze	Natia	natia_vatsadze@berkeley.edu	3037598553
Thomas	Vosburgh	Thomas	tvosburgh@berkeley.edu	3038554690
Angela	Wang	Angela	angelawang.mba@berkeley.edu	3037595134
Qinglu	Weng	Qinglu	ellaweng@berkeley.edu	3037592818
Diarra	White	Diarra	diarra_white@berkeley.edu	3038533253
Lucy	Wooldridge	Lucy	lucywooldridge@berkeley.edu	3038551700
Shogo	Yakame	Shogo	shogo.yakame@berkeley.edu	3038650097
Alan	Yang	Alan	alan_yang@berkeley.edu	3038214545
Doris	Yuan	Doris	doris.yuan@berkeley.edu	24433925
Nicky	Zarchen	Nicky	nickyz@berkeley.edu	3038533344
Qixuan	Zhang	Frank	frankzhang95@berkeley.edu	24147698
Rui	Zhong	Rui	rui_zhong@berkeley.edu	3038573540
He	Zhu	He	he_michelle_zhu@berkeley.edu	3038551986
Lauren	Zinser	Lauren	lauren_zinser@berkeley.edu
